{
  "WIN_S": 120,
  "mu": 0.001659265758646326,
  "sigma": 0.002068294161753917,
  "a": 0.06446606994298651,
  "b": -0.5090736971769979,
  "p_on": 0.6,
  "p_off": 0.4,
  "hold_sec": 8
}